batch,cell_id,cycle_life,source_cycle_life,charging_policy,n_cycles,last_QD,label_status,dq_var,dq_min,dq_mean,mean_QD,mean_IR,mean_Tavg,mean_Tmax,mean_chargetime
Batch 1,Batch 1-0,,1190.0,3.6C(80%)-3.6C,1189,1.0262098,right_censored,9.663600264771342e-06,-0.008459642934268818,-0.0028734152246919164,1.0697906089999998,0.01647688882,31.28770985553454,35.02298082,13.25038819999998
Batch 1,Batch 1-1,,1179.0,3.6C(80%)-3.6C,1178,1.0382246,right_censored,9.683678956852016e-06,-0.011003816596621974,-0.00409961462134519,1.0704344110000001,0.016583334979999996,31.017011163858175,33.81904824,13.240949499999981
Batch 1,Batch 1-2,,1177.0,3.6C(80%)-3.6C,1176,1.0432786,right_censored,1.8323155109711005e-05,-0.017216391849644463,-0.004486734282886989,1.0745174849999999,0.016433599030000003,31.164788272079093,34.199197399999996,13.245097466666675
Batch 1,Batch 1-3,,1226.0,4C(80%)-4C,1225,0.97092122,right_censored,3.608997994486938e-05,-0.018960539773269502,-0.007455784700018413,1.07409948,0.01598469448,29.64277681987686,30.355640510000004,11.932744399999995
Batch 1,Batch 1-4,,1227.0,4C(80%)-4C,1226,1.0219597,right_censored,2.2503824885676158e-05,-0.013957995093677344,-0.005750008121960181,1.072015096,0.01633550844,31.134394995823982,34.038690730000006,11.932780500000005
Batch 1,Batch 1-5,1074.0,1074.0,4.4C(80%)-4.4C,1073,0.88053626,provided,6.624026126041227e-05,-0.025178778949337288,-0.01107391297973859,1.0695241690000001,0.016107684690000002,30.61228273652725,32.68980672000001,14.92501035000006
Batch 1,Batch 1-6,636.0,636.0,4.8C(80%)-4.8C,635,0.8800565,provided,0.00017026371292231957,-0.03788603931347978,-0.015965056248274823,1.070102667,0.01634219586,31.951106767261077,35.43470514,9.944409033333306
Batch 1,Batch 1-7,870.0,870.0,4.8C(80%)-4.8C,869,0.88110596,provided,0.00015364340477588736,-0.03823338650707442,-0.016645727245619735,1.085957168,0.015889640039999996,31.670183664124867,34.9694678,9.943653583333317
Batch 1,Batch 1-8,,879.0,5.4C(40%)-3.6C,878,0.96902454,right_censored,9.97253091328456e-05,-0.030807702259195047,-0.012818967232022799,1.083824218,0.016544588650000004,31.755741207459714,34.10754133,11.131175516666666
Batch 1,Batch 1-9,1054.0,1054.0,5.4C(40%)-3.6C,1053,0.8809284,provided,8.72200481780871e-05,-0.028724475696229934,-0.011510600568480111,1.0768228499999999,0.016667011580000002,32.31511827515521,35.62508432,11.12943903333334
Batch 1,Batch 1-10,,906.0,5.4C(50%)-3C,905,0.96101874,right_censored,9.493510903192643e-05,-0.026992931922526497,-0.010668007843734223,1.070887572,0.01623268906,32.87606916177769,36.502735720000004,11.571159833333368
Batch 1,Batch 1-11,788.0,788.0,5.4C(50%)-3C,787,0.88054359,provided,7.130228856858242e-05,-0.023691513033622602,-0.008378205102529986,1.049483047,0.01587671327,32.4317293801687,35.869436050000004,11.567273283333368
Batch 1,Batch 1-12,,902.0,5.4C(50%)-3.6C,901,0.91311944,right_censored,7.495650888780392e-05,-0.027438869587688153,-0.011237958333707347,1.071333671,0.016274665669999997,33.12344169500137,37.07435905,10.57701551666667
Batch 1,Batch 1-13,,897.0,5.4C(50%)-3.6C,896,0.92313582,right_censored,8.953514522265102e-05,-0.029137075239816568,-0.013148734381658471,1.073430505,0.01686618544,31.771244679727488,34.33279658,10.578499483333344
Batch 1,Batch 1-14,880.0,880.0,5.4C(60%)-3C,879,0.8800649,provided,8.993529426869348e-05,-0.0282939556930506,-0.011946218223467892,1.065341888,0.01680525182,32.746688171939034,36.26463562000001,14.776676033333336
Batch 1,Batch 1-15,719.0,719.0,5.4C(60%)-3C,718,0.88298881,provided,9.595130743781206e-05,-0.02894455469678503,-0.011013089313180444,1.0569803169999998,0.01667158657,32.816242903351714,36.685626750000004,14.778431383333286
Batch 1,Batch 1-16,862.0,862.0,5.4C(60%)-3.6C,861,0.88096577,provided,7.954013514589506e-05,-0.027606674842371115,-0.012403806163792485,1.075604861,0.016363573660000005,32.092990921249715,35.49290008999999,10.024219616666684
Batch 1,Batch 1-17,857.0,857.0,5.4C(60%)-3.6C,856,0.8832469,provided,0.00010711259692754453,-0.031067967108938555,-0.013343115757399526,1.0663351739999998,0.01650946526,31.767866319949093,35.07843495,10.036730933333338
Batch 1,Batch 1-18,691.0,691.0,5.4C(70%)-3C,690,0.88114411,provided,0.00022383059792099492,-0.04413321540827286,-0.02070238680333876,1.0755789489999998,0.01782470687,31.512746702861836,35.06096717,9.826696750000004
Batch 1,Batch 1-19,788.0,788.0,5.4C(70%)-3C,787,0.88093972,provided,0.00023993476144574294,-0.04589269342650848,-0.020106274821769736,1.0774847869999997,0.01616162039,32.713644543106625,36.470637309999994,9.830952783333302
Batch 1,Batch 1-20,534.0,534.0,5.4C(80%)-5.4C,533,0.88078493,provided,0.00042930168171296525,-0.06358042689660326,-0.03279598300714767,1.059142675,0.014906158769999997,31.83139279736961,34.57906368,8.936935549999989
Batch 1,Batch 1-21,559.0,559.0,5.4C(80%)-5.4C,558,0.88016534,provided,0.00044633603224653485,-0.06472026276575493,-0.030657577112710634,1.071404233,0.014788431510000002,32.80560397424297,36.57943619,8.897398666666636
Batch 1,Batch 1-22,,891.0,6C(30%)-3.6C,890,0.96327895,right_censored,0.00011164295598941376,-0.032147144008991324,-0.014716371313208602,1.072150017,0.016426053569999998,32.51547371038611,36.27550498000001,11.348283033333358
Batch 1,Batch 1-23,1014.0,1014.0,6C(30%)-3.6C,1013,0.88066453,provided,9.103457241110652e-05,-0.029953516931757296,-0.013340620512360239,1.0716364470000002,0.01665576256,31.670866801703188,34.524056550000005,11.34410486666667
Batch 1,Batch 1-24,1017.0,1017.0,6C(40%)-3C,1016,0.88046598,provided,0.00011516949866350308,-0.03184213409789827,-0.013873507013282613,1.0672528549999998,0.0164215744,33.04428331230595,36.49783158,12.007202333333353
Batch 1,Batch 1-25,854.0,854.0,6C(40%)-3C,853,0.88019997,provided,9.378020536805894e-05,-0.02944117289056547,-0.012406193052887388,1.0680594090000002,0.016430180379999996,33.5100715032098,37.61033748,12.016123099999998
Batch 1,Batch 1-26,870.0,870.0,6C(40%)-3.6C,869,0.88105017,provided,0.00016024334542563112,-0.03835445363245393,-0.01785015712562481,1.0796685450000003,0.016122636920000002,32.82484992054074,36.04967481,10.692657566666703
Batch 1,Batch 1-27,842.0,842.0,6C(40%)-3.6C,841,0.88130057,provided,0.00014005441374332457,-0.03583211964634625,-0.01551418714665611,1.071215679,0.0159379176,33.55602030368522,37.136196940000005,10.695675216666691
Batch 1,Batch 1-28,860.0,860.0,6C(50%)-3C,859,0.88058227,provided,0.00014298424697322437,-0.03721348031974192,-0.016698122755162716,1.0698886730000003,0.016513237169999997,33.43606251979158,37.1162463,11.026871050000004
Batch 1,Batch 1-29,917.0,917.0,6C(50%)-3C,916,0.88035375,provided,0.0001451170011316565,-0.036868449881918286,-0.01660052342693117,1.0719549930000003,0.016380068390000002,32.377114457540216,35.04541581,11.040356583333311
Batch 1,Batch 1-30,709.0,709.0,6C(50%)-3.6C,708,0.88054287,provided,0.00018001172021664107,-0.04081538502439652,-0.017719122166801278,1.07199548,0.01584933199,33.20468742385532,36.42964116,10.02327905000002
Batch 1,Batch 1-31,876.0,876.0,6C(50%)-3.6C,875,0.88099223,provided,0.00016682739789842456,-0.03947820648424727,-0.017983588803246863,1.0860977210000002,0.01669691048,30.07164277769906,30.40204975,10.025687983333318
Batch 1,Batch 1-32,731.0,731.0,6C(60%)-3C,730,0.88080907,provided,0.00022570256930208902,-0.04556628526257467,-0.020730273837007353,1.069864735,0.01600539361,32.74969801527699,35.87326167,10.028603650000038
Batch 1,Batch 1-33,757.0,757.0,6C(60%)-3C,756,0.88011229,provided,0.00021524962445427153,-0.044901781211682756,-0.021651569301358076,1.0845367300000002,0.0163189379,33.33498063827802,37.35399138,10.028693116666686
Batch 1,Batch 1-34,742.0,742.0,7C(30%)-3.6C,741,0.88205445,provided,0.00014170456557429945,-0.037218141748807665,-0.016080359430316875,1.069269289,0.01668664511,32.33790615832239,35.72170102999999,10.925152883333345
Batch 1,Batch 1-35,703.0,703.0,7C(30%)-3.6C,702,0.8802399,provided,0.00016880845085747467,-0.039152034335048436,-0.018223341654084003,1.0637625969999998,0.01679742137,31.77636103475647,34.5287465,10.926079633333343
Batch 1,Batch 1-36,704.0,704.0,7C(40%)-3C,703,0.88231802,provided,0.00021404183097836082,-0.044621405961221994,-0.02104235085802675,1.070463794,0.0162733688,31.726413236361513,33.631169969999995,11.439255633333348
Batch 1,Batch 1-37,648.0,648.0,7C(40%)-3C,647,0.88336319,provided,0.00021186592167101386,-0.044544784957630146,-0.019436824634916583,1.067249742,0.0163809578,32.630101883575946,35.69105418,11.445840650000028
Batch 1,Batch 1-38,617.0,617.0,7C(40%)-3.6C,616,0.88110942,provided,0.00036893667248310104,-0.05641559694699583,-0.026764193834967424,1.0650434910000002,0.0160499364,33.35779909779967,36.925577999999994,10.129272516666685
Batch 1,Batch 1-39,625.0,625.0,7C(40%)-3.6C,624,0.88011074,provided,0.0003129437479421444,-0.053143954091811496,-0.024440041487006035,1.0748024090000003,0.01652419351,33.17136883985134,37.029821639999994,10.139605716666635
Batch 1,Batch 1-40,966.0,966.0,8C(15%)-3.6C,965,0.88060951,provided,8.806174658415387e-05,-0.02909570881628587,-0.012628807847703542,1.0760606780000002,0.016512480479999998,33.125087322118084,37.37857855,11.966352083333344
Batch 1,Batch 1-41,1051.0,1051.0,8C(15%)-3.6C,1050,0.88106161,provided,8.48176100238975e-05,-0.02850629135902205,-0.012358568562846162,1.072057919,0.0165774416,32.742589307130864,36.45501285,11.970377983333355
Batch 1,Batch 1-42,702.0,702.0,8C(25%)-3.6C,701,0.88035142,provided,0.00021584610431745794,-0.04470964572873015,-0.020599210252813277,1.073050292,0.01654846661,33.249216571477724,37.29647988,11.066343083333386
Batch 1,Batch 1-43,651.0,651.0,8C(25%)-3.6C,650,0.88044435,provided,0.00021489233671107995,-0.044605890152637384,-0.019165626778476195,1.059816973,0.015943807009999998,33.006384832094625,36.45239919,11.066045016666667
Batch 1,Batch 1-44,616.0,616.0,8C(35%)-3.6C,615,0.88048309,provided,0.0003795770928016619,-0.05879707165403769,-0.029329092901317067,1.075973651,0.017239711470000002,32.22779884798965,35.433049079999996,10.15546893333334
Batch 1,Batch 1-45,599.0,599.0,8C(35%)-3.6C,598,0.88104212,provided,0.0003755845892835457,-0.059403509916114317,-0.02886609052113574,1.076287856,0.01650750907,32.67054191718554,36.32946379,10.15470158333331
Batch 2,Batch 2-0,477.0,477.0,5.2C(58%)-4C,496,0.82661337,provided,0.0003256380937000854,-0.055061277717081025,-0.025801000173386008,1.105038492,0.01733813236,31.807497385473816,35.36194140015722,10.173261300000107
Batch 2,Batch 2-1,491.0,491.0,5.6C(26%)-4.5C,513,0.82848173,provided,0.0005034410615908589,-0.0661147205894651,-0.035595007639683186,1.10494644,0.01755915909,33.59830289682961,36.44809667816464,10.19907416666656
Batch 2,Batch 2-2,424.0,424.0,5.2C(50%)-4.25C,439,0.82700932,provided,0.00034653861464528006,-0.052717818544041395,-0.025013386420214043,1.0746560542,0.016463414620000002,33.17756576063981,37.427644510910824,10.175027650000057
Batch 2,Batch 2-3,499.0,499.0,4.65C(44%)-5C,517,0.82550967,provided,0.000318975262145792,-0.05586845261151374,-0.020089882918698704,1.1014322669999999,0.015916925550000002,33.93958543884461,38.77312907194259,10.173197350000047
Batch 2,Batch 2-4,444.0,444.0,4.65C(69%)-6C,464,0.82712674,provided,0.0005854545529657333,-0.07029720690084085,-0.034781796484889084,1.0859578399999998,0.01619582082,33.05027186948681,37.43383570894893,10.231934299999951
Batch 2,Batch 2-5,416.0,416.0,3.6C(30%)-6C,445,0.8261537,provided,0.0008205749892219913,-0.08615002847927744,-0.04648540460048997,1.088025367,0.015306582499999999,33.01550370431462,37.64690458017922,10.198507216666679
Batch 2,Batch 2-6,393.0,393.0,3.6C(9%)-5C,409,0.82940364,provided,0.00029509395529212125,-0.04987247893740465,-0.02082479246051704,1.092913134,0.01604186506,33.81745006948466,39.79549926626684,10.179292016666743
Batch 2,Batch 2-7,777.0,777.0,4.8C(80%)-4.8C-newstructure,806,0.8264814,provided,5.865835912266468e-05,-0.021737979924043582,-0.008823099834708447,1.0929825290000001,0.014790600069999998,33.766912217149354,37.14445502401018,10.035779716666658
Batch 2,Batch 2-8,904.0,904.0,5.2C(58%)-4C-newstructure,947,0.8255862,provided,7.899098323286501e-05,-0.027841110945332148,-0.011203415580045945,1.0901623492999999,0.01646674221,33.59821236744562,35.677756334230715,10.039867333333332
Batch 2,Batch 2-9,791.0,791.0,5.6C(26%)-4.5C-newstructure,819,0.82610458,provided,4.5245388051825846e-05,-0.019754152325308416,-0.007446960333569007,1.097482268,0.01539659944,32.35755295299843,33.59605648813232,10.039938566666658
Batch 2,Batch 2-10,492.0,492.0,4.8C(80%)-4.8C,519,0.82791102,provided,0.00035407876899738185,-0.05580244986198335,-0.02952029629956943,1.1111485095999998,0.01706057563,31.720671317513244,34.35420149165315,10.169517366666604
Batch 2,Batch 2-11,449.0,449.0,5.2C(50%)-4.25C,468,0.82524824,provided,0.000327044446642087,-0.05489875594719695,-0.024012633467613776,1.101019946,0.01721904361,33.14963101101539,37.949925321805395,10.17388110000002
Batch 2,Batch 2-12,466.0,466.0,4.65C(44%)-5C,493,0.82528538,provided,0.0006792531042316953,-0.07733124344865683,-0.03939759227215439,1.1041123279999998,0.016529412549999997,31.316793895936517,33.597951965213426,10.17485430000005
Batch 2,Batch 2-13,460.0,460.0,4.65C(69%)-6C,483,0.82574999,provided,0.00045243092034126796,-0.06467448840609535,-0.0340700221226121,1.094944933,0.01607549433,31.948019425910115,35.06856349287113,10.2140922166666
Batch 2,Batch 2-14,426.0,426.0,3.6C(30%)-6C,461,0.82618046,provided,0.0007611671443129553,-0.0837144352028476,-0.04455576451036339,1.079302612,0.0162701026,32.124753255414234,35.20006219179895,49.482795350000096
Batch 2,Batch 2-15,396.0,396.0,3.6C(9%)-5C,414,0.82608759,provided,0.0003046127470747836,-0.05093467639415561,-0.024135288352654265,1.0749797360000002,0.016313907529999998,32.862312590345454,36.06955824939098,10.17305868333338
Batch 2,Batch 2-16,472.0,472.0,4.8C(80%)-4.8C,499,0.82648873,provided,0.0003199771811309943,-0.0532543676756424,-0.026244652410942607,1.097015996,0.01749419094,32.76618715423966,36.98699901212051,10.171623783333347
Batch 2,Batch 2-17,471.0,471.0,5.6C(26%)-4.5C,494,0.8272146,provided,0.0003159772910980138,-0.05256239657553352,-0.024346340387445996,1.093877117,0.01709369671,32.98821355652246,34.74856366071168,10.181189350000091
Batch 2,Batch 2-18,449.0,449.0,5.2C(50%)-4.25C,467,0.82719898,provided,0.00019619921427892916,-0.03974566910430133,-0.016640891110932497,1.0824376820000001,0.01664831154,32.88628935898336,36.39882808811051,10.174147266666704
Batch 2,Batch 2-19,392.0,392.0,6C(60%)-3C,411,0.82597393,provided,0.0005105543672328962,-0.06565175087353758,-0.03430820779792184,1.09472128,0.016718972760000003,32.76991201802439,36.54390200243137,10.173766266666714
Batch 2,Batch 2-20,489.0,489.0,5.2C(58%)-4C,506,0.82856864,provided,0.0003619883290668569,-0.06050408803806073,-0.024435139451588442,1.10005656,0.016612060669999998,33.62225921545461,36.887813024693614,49.397125683333336
Batch 2,Batch 2-21,408.0,408.0,6C(60%)-3C,426,0.82783753,provided,0.0004713254868518693,-0.06446758204398206,-0.03328855261100499,1.1010897552,0.01720174435,33.59820005445401,38.6518784788995,10.174718300000022
Batch 2,Batch 2-22,,,VarCharge-2C-100cycles,920,1.0556005,missing,2.2847111406387513e-05,-0.006779169322993939,-0.002618816303222525,1.1020667873,0.021770682,34.502712698156095,38.13150976710858,33.57274644999992
Batch 2,Batch 2-23,,,VarCharge-4C-100cycles,1152,0.97824305,missing,4.4029699642585154e-05,-0.01921756649136097,-0.011590160361131023,1.0961362059,0.02116088899999999,34.14729364226761,35.52716849132356,21.691731100000002
Batch 2,Batch 2-24,514.0,514.0,4.8C(80%)-4.8C,536,0.82615805,provided,0.00022862026926774183,-0.04572997432532899,-0.02277147977476359,1.096261652,0.01651723855,33.205124014909316,38.16546466536514,10.169994666666671
Batch 2,Batch 2-25,493.0,493.0,5.2C(58%)-4C,511,0.82751423,provided,0.0002920936192579677,-0.05050846489030969,-0.023610982444417374,1.102206125,0.01674229199,32.23892710270436,34.441815154393964,10.172937516666643
Batch 2,Batch 2-26,450.0,450.0,5.6C(26%)-4.5C,476,0.82529837,provided,0.0005997170447101127,-0.0733087791289827,-0.03803854165400029,1.1041737820000002,0.017708443810000002,33.76445582326918,36.92304607129649,49.42568144999996
Batch 2,Batch 2-27,474.0,474.0,5.2C(50%)-4.25C,493,0.8266983,provided,0.0003264347368865592,-0.05449125756065937,-0.02468392780224258,1.0984702849999999,0.01758962648,33.303981946117254,38.082671612305006,10.174639799999882
Batch 2,Batch 2-28,437.0,437.0,4.8C(80%)-4.8C,456,0.82741743,provided,0.00037721489290159214,-0.05649138678277321,-0.027989332592662373,1.094977019,0.016281175090000002,32.14418070388791,35.3302582161644,49.409072166666576
Batch 2,Batch 2-29,452.0,452.0,5.2C(58%)-4C,470,0.82541627,provided,0.0003102785983552323,-0.05263352953614442,-0.02532223237657199,1.109943851,0.01673359061,31.797456695109688,34.43331396225578,10.173061883333311
Batch 2,Batch 2-30,412.0,412.0,5.6C(26%)-4.5C,429,0.82665932,provided,0.0006525149114268708,-0.07552303651130998,-0.03965588948997046,1.0929991510000001,0.016894066949999998,33.81003990939852,37.33979500154215,49.43361824999998
Batch 2,Batch 2-31,425.0,425.0,5.6C(26%)-4.5C,446,0.82528561,provided,0.00044426404704274566,-0.06422883358208353,-0.030624456764042955,1.099834485,0.01633070732,33.375923495204454,35.648417823524284,10.194311699999947
Batch 2,Batch 2-32,809.0,809.0,4.8C(80%)-4.8C-newstructure,834,0.82744044,provided,7.388118368069333e-05,-0.02746120651303563,-0.013389939833647101,1.0900312140000001,0.01481114372,32.16783240841186,33.94412444996172,49.27513175000007
Batch 2,Batch 2-33,1140.0,1140.0,5.2C(58%)-4C-newstructure,1190,0.82506907,provided,5.866400117176798e-05,-0.024084742136216253,-0.011579541007786182,1.0706076800000002,0.01499290727,32.73895611525105,34.29814806747137,10.039557949999924
Batch 2,Batch 2-34,1186.0,1186.0,5.6C(26%)-4.5C-newstructure,1252,0.82562441,provided,3.5597117054099105e-05,-0.01914294964399932,-0.008120054579074073,1.0671250090000002,0.014954353830000003,35.66583614425341,38.96627418693022,49.2812586666667
Batch 2,Batch 2-35,,,VarCharge-6C-100cycles,423,0.88112044,missing,0.000604075245598287,-0.07570840765806064,-0.044821244304517734,1.0565366316,0.020666520999999993,36.50175433149703,38.37067410825434,17.612362249999997
Batch 2,Batch 2-36,,,VarCharge-8C-100cycles,280,0.88107425,missing,0.002065771068001692,-0.1360257368450053,-0.08442876531435932,1.0434052236999998,0.02033557,38.55935886221206,41.3871334539639,16.29528071666668
Batch 2,Batch 2-37,,,3.6C(80%)-3.6C(SLOWCYCLE,101,2.1693008,missing,1.695856550878882e-05,-0.028681743378075525,-0.0029820466170849703,1.0950189059000002,0.017242516180000004,32.929452048618025,38.0085816232,18.172783016666813
Batch 2,Batch 2-38,,,4.8C(80%)-4.8C(SLOWCYCLE,101,2.1653843,missing,6.0904550971893996e-05,-0.03614952540357205,-0.013148209711945616,1.0948824099999999,0.01658825556,33.448461595697054,400.0,14.869877166666718
Batch 2,Batch 2-39,,,3.6C(9%)-5C(SLOWCYCLE,434,0.88120419,missing,0.0004339268330283632,-0.06095179783518334,-0.03455301965015995,1.0818235189999998,0.016813597830000002,32.88418677825157,37.61655951405202,14.875160683333265
Batch 2,Batch 2-40,,,5.2C(58%)-4C(SLOWCYCLE,459,0.88021344,missing,0.0002514390480151275,-0.048163210220580344,-0.02547583082825176,1.096316141,0.0,32.467598204820945,36.69653803638811,54.10118255000003
Batch 2,Batch 2-41,442.0,442.0,5.6C(26%)-4.5C,463,0.82606894,provided,0.0006724100406155343,-0.08093104924483763,-0.037768291495701274,1.105940476,0.0,30.20099354305731,32.73893316284874,49.423369649999984
Batch 2,Batch 2-42,474.0,474.0,5.2C(50%)-4.25C,497,0.82577723,provided,0.0003291640157368037,-0.054167624970645756,-0.02934071492636848,1.1070860530000002,0.0,31.71041325336692,35.56989042695383,10.175117383333331
Batch 2,Batch 2-43,1029.0,1029.0,4.8C(80%)-4.8C-newstructure,1061,0.82532436,provided,5.3483284647826735e-05,-0.019164842112240565,-0.00777834835139346,1.098649702,0.0,33.91860336356293,36.959106807008,10.036757000000032
Batch 2,Batch 2-44,841.0,841.0,5.2C(58%)-4C-newstructure,874,0.82503617,provided,4.3199281110227894e-05,-0.020302277620516618,-0.008750572617170911,1.0976301800000001,0.0,33.956934554468496,36.87556475443348,49.26516493333332
Batch 2,Batch 2-45,997.0,997.0,5.6C(26%)-4.5C-newstructure,1027,0.82734823,provided,6.680132101075869e-05,-0.026670418787086536,-0.011157666285585534,1.1012386699999999,0.0,35.27071288818467,37.86716134641493,10.040191283333298
Batch 2,Batch 2-46,503.0,503.0,4.8C(80%)-4.8C,523,0.82638663,provided,0.00030983099889204734,-0.05286240500828243,-0.02283429863191323,1.1025293669999998,0.0,29.88032329687331,31.00932954761403,49.40651875000001
Batch 3,Batch 3-0,1009.0,1009.0,5C(67%)-4C-newstructure,1008,0.8804329,provided,5.687024898905241e-05,-0.02331165742747432,-0.01010217739369119,1.070348299,0.01523784218,32.194399649744255,33.5588901505872,10.042618066666668
Batch 3,Batch 3-1,1063.0,1063.0,5.3C(54%)-4C-newstructure,1062,0.8802734,provided,5.181521321780508e-05,-0.022324177554068236,-0.009621018929360837,1.0676866939999998,0.014986396479999999,34.83064985952504,37.98597183780659,10.04138999999994
Batch 3,Batch 3-2,1267.0,1267.0,5.6C(19%)-4.6C-newstructure,1266,0.88013124,provided,1.6619555727408117e-05,-0.008648038341613706,-0.0026131423354832516,1.062052784,0.014621522139999999,36.78314566494338,40.51615446500352,10.043666483333297
Batch 3,Batch 3-3,1115.0,1115.0,5.6C(36%)-4.3C-newstructure,1114,0.88058406,provided,7.645259474220121e-05,-0.026836614735112785,-0.010705414352713173,1.064629226,0.014999449849999999,36.08627496168611,39.44593354194349,10.041506500000025
Batch 3,Batch 3-4,1048.0,1048.0,5.6C(19%)-4.6C-newstructure,1047,0.88001466,provided,6.630317519564988e-05,-0.024810275761238065,-0.01010643886890673,1.074509803,0.015130787929999999,32.116221938163385,32.98179311458605,10.04558156666669
Batch 3,Batch 3-5,828.0,828.0,5.6C(36%)-4.3C-newstructure,827,0.88066918,provided,7.683799523990656e-05,-0.025445098246365427,-0.011445765437692483,1.053126149,0.015184480370000001,35.55673795797331,39.68760790232446,10.042033966666736
Batch 3,Batch 3-6,667.0,667.0,3.7C(31%)-5.9C-newstructure,666,0.88052577,provided,0.00029805183986089944,-0.05320164659124538,-0.028517561100453784,1.053842363,0.013728524289999997,34.106830623582404,36.9848547328634,10.080800200000038
Batch 3,Batch 3-7,1836.0,1836.0,4.8C(80%)-4.8C-newstructure,1835,0.88036358,provided,3.2453221357996856e-05,-0.017059021835070354,-0.007037779014879844,1.070140345,0.01542963463,32.796573540122225,34.274365488315254,11.040715933333365
Batch 3,Batch 3-8,828.0,828.0,5C(67%)-4C-newstructure,827,0.88094097,provided,8.094615840627263e-05,-0.026848970612832312,-0.011806368426415048,1.067962636,0.015255639590000002,33.054603185105975,35.07631520700576,10.043265533333383
Batch 3,Batch 3-9,1039.0,1039.0,5.3C(54%)-4C-newstructure,1038,0.8801114,provided,0.00010416049784765705,-0.0295752747869662,-0.01447801181075607,1.072814416,0.015799972080000002,33.087905551872936,35.094569899072255,10.041160733333347
Batch 3,Batch 3-10,1078.0,1078.0,4.8C(80%)-4.8C-newstructure,1077,0.88064086,provided,3.8783238947594476e-05,-0.019093025885229542,-0.008335183582489896,1.0643435529999998,0.015374726730000003,32.534149378796045,34.79030485135325,11.039600116666675
Batch 3,Batch 3-11,817.0,817.0,5.6C(19%)-4.6C-newstructure,816,0.88113368,provided,0.00013034033579521087,-0.034087374997818,-0.015620691175653465,1.069802646,0.01552572104,34.2024404879238,37.60510592572477,10.042450400000046
Batch 3,Batch 3-12,932.0,932.0,5.6C(36%)-4.3C-newstructure,931,0.88080788,provided,0.00011303424118898805,-0.03173492178819726,-0.01531489306361951,1.076303704,0.01604917654,33.219414908227094,35.53857274944269,10.042451699999965
Batch 3,Batch 3-13,816.0,816.0,5.6C(19%)-4.6C-newstructure,815,0.88024569,provided,8.045138308284514e-05,-0.027646083960900736,-0.01176548019743392,1.0686685349999998,0.01512986131,34.11454602993669,37.22804076197745,10.042356366666645
Batch 3,Batch 3-14,858.0,858.0,5.6C(36%)-4.3C-newstructure,857,0.88065648,provided,0.00010007654534836023,-0.029282360362737236,-0.013203557332650977,1.0769619220000002,0.015553500930000002,33.1189634917196,35.485201171755136,10.041865466666687
Batch 3,Batch 3-15,876.0,876.0,5.9C(15%)-4.6C-newstructure,875,0.88058048,provided,9.984253014088351e-05,-0.02948434500233621,-0.013340330831580071,1.07051888,0.015307385779999998,33.50890495011492,36.80312790291116,10.04163998333339
Batch 3,Batch 3-16,1638.0,1638.0,4.8C(80%)-4.8C-newstructure,1637,0.88014877,provided,2.020628622431914e-05,-0.013451995639618852,-0.005323302354980101,1.063479291,0.015312616069999998,34.940582146689,37.831863057962785,11.040743116666663
Batch 3,Batch 3-17,1315.0,1315.0,5.3C(54%)-4C-newstructure,1314,0.88043362,provided,3.633180045384266e-05,-0.017882391550413823,-0.007236216829825155,1.06703041,0.015444837509999998,35.0701249907806,37.399668947689364,10.042114583333325
Batch 3,Batch 3-18,1146.0,1146.0,5.6C(19%)-4.6C-newstructure,1145,0.88003904,provided,5.571190370898626e-05,-0.02345576998165999,-0.010342257243667845,1.068854892,0.01501670906,35.2895491601317,37.9685961949252,10.043120649999981
Batch 3,Batch 3-19,1155.0,1155.0,5.6C(36%)-4.3C-newstructure,1154,0.88007373,provided,6.730667325120848e-05,-0.025293657704202555,-0.011545479663150093,1.072699883,0.015464905509999998,35.096922678438716,37.874381938922404,10.04319876666662
Batch 3,Batch 3-20,813.0,813.0,5C(67%)-4C-newstructure,812,0.88059181,provided,8.583320053473407e-05,-0.028071993572476917,-0.011919383387319954,1.067413169,0.0152651037,33.10117160343903,35.73575315343805,10.043364750000022
Batch 3,Batch 3-21,772.0,772.0,3.7C(31%)-5.9C-newstructure,771,0.8801983,provided,0.00019754830798491912,-0.04327614857800555,-0.02353870422305198,1.0620371939999997,0.014091463680000001,34.89763562513402,37.91789788915317,10.07912276666667
Batch 3,Batch 3-22,1002.0,1002.0,5.9C(60%)-3.1C-newstructure,1001,0.88094068,provided,8.977958692912617e-05,-0.028409329718630083,-0.013722550516362944,1.0581246559999997,0.01568802504,34.60869711791826,37.530657648574746,10.042560166666604
Batch 3,Batch 3-23,,,4.8C(80%)-4.8C-newstructure,2189,0.93701142,missing,2.8589729471192788e-05,-0.01560831972082899,-0.006808658684372332,1.0680805560000002,0.015262443050000001,34.92795337287084,38.20120274723386,11.038356266666655
Batch 3,Batch 3-24,825.0,825.0,5C(67%)-4C-newstructure,824,0.88021326,provided,6.994312062017459e-05,-0.0247723986145858,-0.010345482795288031,1.050388327,0.01555621234,34.68692543774402,37.23479966727514,10.041844149999976
Batch 3,Batch 3-25,989.0,989.0,5.3C(54%)-4C-newstructure,988,0.88167018,provided,7.135743905511085e-05,-0.026576249209760316,-0.010925821646167616,1.064775079,0.015643412000000002,35.58083474119666,38.88370920104618,10.042412550000016
Batch 3,Batch 3-26,1028.0,1028.0,5.6C(19%)-4.6C-newstructure,1027,0.88023561,provided,6.032434097872005e-05,-0.02417913926788795,-0.01013959278346487,1.075070867,0.015594801479999998,35.744145079440855,39.138684508189556,10.04228274999997
Batch 3,Batch 3-27,850.0,850.0,5.6C(36%)-4.3C-newstructure,849,0.88002509,provided,7.410844302086189e-05,-0.026600290807078597,-0.01070991087322853,1.063664561,0.01492139064,35.30704053711157,38.443267394830116,10.04501170000002
Batch 3,Batch 3-28,541.0,541.0,3.7C(31%)-5.9C-newstructure,540,0.88010961,provided,0.00035346149253269254,-0.05783112055064066,-0.03025611921470947,1.044589539,0.01341840246,35.69503585363536,39.55881069772407,10.088379333333394
Batch 3,Batch 3-29,858.0,858.0,5.9C(15%)-4.6C-newstructure,857,0.88007307,provided,8.638212824469724e-05,-0.028921475161164945,-0.011300575148553208,1.0704472710000001,0.01482580993,31.262770102233162,31.681289998175462,10.041969533333301
Batch 3,Batch 3-30,935.0,935.0,5.3C(54%)-4C-newstructure,934,0.88024825,provided,7.939158148811134e-05,-0.026737169755743473,-0.011137570899382837,1.071663629,0.015574562060000002,32.242770445878016,33.955655894480245,10.04344528333331
Batch 3,Batch 3-31,731.0,731.0,5.9C(60%)-3.1C-newstructure,730,0.88031369,provided,0.00014467616046037193,-0.035619409739265695,-0.01635054856148944,1.070766659,0.01587661182,33.99934624579011,36.77289772500682,10.04570423333328
Batch 3,Batch 3-32,,,4.8C(80%)-4.8C-newstructure,2237,0.97388279,missing,2.1215204766387927e-05,-0.01012140041626175,-0.0032569008987653743,1.074301613,0.015374332259999998,35.43328136368462,38.119828240013966,11.039470466666693
Batch 3,Batch 3-33,1284.0,1284.0,5C(67%)-4C-newstructure,1283,0.88079751,provided,4.0188487978171294e-05,-0.019885925647910252,-0.00784867836178756,1.0621317549999998,0.015343473930000002,33.10620851106884,34.28531457281655,10.043266033333353
Batch 3,Batch 3-34,1158.0,1158.0,5.3C(54%)-4C-newstructure,1157,0.88017184,provided,4.946983882423062e-05,-0.02150989276991433,-0.00955200556777299,1.06321586,0.01530397606,35.77751733452584,38.986137122300555,10.043544616666672
Batch 3,Batch 3-35,1093.0,1093.0,5.6C(19%)-4.6C-newstructure,1092,0.88011736,provided,5.8229318902417414e-05,-0.02302807515263361,-0.009826425701495065,1.064480499,0.015375660359999998,35.53070785023565,38.53573773732641,10.04359398333331
Batch 3,Batch 3-36,923.0,923.0,5.6C(36%)-4.3C-newstructure,922,0.88060242,provided,5.5788165335225655e-05,-0.022981813517992444,-0.009908357469924613,1.0593433760000002,0.01513591896,35.87707905775121,39.385265734517226,10.043492250000025
Batch 3,Batch 3-37,1390.0,1390.0,4.8C(80%)-4.8C-newstructure,1389,0.88049883,provided,7.96423654716803e-06,-0.008439822988718593,-0.001076797766325731,1.049437267,0.014718332760000001,35.01566783438418,37.821866391239226,11.038440433333296
Batch 3,Batch 3-38,1935.0,1935.0,5C(67%)-4C-newstructure,1934,0.88000458,provided,4.5493249228224246e-05,-0.020147005721674938,-0.008693083372975452,1.0719545209999999,0.01583763829,34.743831508087126,37.73701176388907,10.043712449999965
Batch 3,Batch 3-39,1156.0,1156.0,5.3C(54%)-4C-newstructure,1155,0.88043225,provided,3.510467231268054e-05,-0.017457917694832736,-0.006428438589560583,1.050541451,0.015564932220000001,33.88624079961266,36.07485440375697,10.043103450000004
Batch 3,Batch 3-40,796.0,796.0,5.6C(19%)-4.6C-newstructure,795,0.88070726,provided,5.068643250322407e-05,-0.022053794482172262,-0.009078861478925766,1.062950962,0.01539237993,34.05078155019701,37.52384046715492,10.043767949999994
Batch 3,Batch 3-41,786.0,786.0,5.6C(36%)-4.3C-newstructure,785,0.88062328,provided,6.03240691683163e-05,-0.024192993699098664,-0.009748050525024678,1.0543223270000002,0.01830944555,33.639374640057895,36.627600886306475,10.043166433333276
Batch 3,Batch 3-42,1642.0,1642.0,4.8C(80%)-4.8C-newstructure,1641,0.88037544,provided,4.5061465820542114e-05,-0.005609789046358671,0.0007845194706261452,1.069482281,0.016134806780000004,33.02954632330684,35.567796863982466,11.038488366666636
Batch 3,Batch 3-43,1046.0,1046.0,5C(67%)-4C-newstructure,1045,0.88060749,provided,4.822275074444368e-05,-0.01297639899175873,-0.003266056933426803,1.0728472510000002,0.0158306738,33.891919511346536,36.95027454276166,10.043647099999939
Batch 3,Batch 3-44,940.0,940.0,5.3C(54%)-4C-newstructure,939,0.88046378,provided,7.387618796699746e-05,-0.02598513188750473,-0.011231061096491921,1.073270589,0.015574222660000001,33.350873108759004,36.33391749012359,10.043223416666626
Batch 3,Batch 3-45,1801.0,1801.0,4.8C(80%)-4.8C-newstructure,1800,0.88047254,provided,3.014041303195534e-05,-0.016477960740300612,-0.007131752461986142,1.071439217,0.015620286640000001,32.724855320443154,34.68002467582143,11.03858153333335
